{
    "2025": {
        "income_statement": {
            "revenue": 416161000000,
            "cost_of_revenue": 220960000000,
            "gross_profit": 195201000000,
            "operating_income": 133050000000,
            "net_income": 112010000000,
            "weighted_avg_shares_diluted": 15004697000
        },
        "balance_sheet": {
            "cash": 35934000000,
            "accounts_receivable": 39777000000,
            "inventory": 5718000000,
            "total_assets": 359241000000,
            "total_liabilities": 285508000000,
            "shareholders_equity": 73733000000
        },
        "cashflow_statement": {
            "operating_cash_flow": 111482000000,
            "capex": 12715000000,
            "free_cash_flow": 98767000000
        },
        "derived_metrics": {
            "gross_margin": 0.4690516410716045,
            "operating_margin": 0.31970799762591884,
            "net_margin": 0.2691506412181824,
            "fcf_margin": 0.23732882225869315,
            "earnings_per_share": 7.464995794316939,
            "fcf_per_share": 6.582405496092323,
            "return_on_assets": 0.3117962593356549,
            "return_on_equity": 1.5191298333175105,
            "asset_turnover": 1.1584451663368045,
            "cash_conversion": 0.995286135166503,
            "capex_ratio": 0.030553079216937677
        }
    },
    "2024": {
        "income_statement": {
            "revenue": 391035000000,
            "cost_of_revenue": 210352000000,
            "gross_profit": 180683000000,
            "operating_income": 123216000000,
            "net_income": 93736000000,
            "weighted_avg_shares_diluted": 15408095000
        },
        "balance_sheet": {
            "cash": 29943000000,
            "accounts_receivable": 33410000000,
            "inventory": 7286000000,
            "total_assets": 364980000000,
            "total_liabilities": 308030000000,
            "shareholders_equity": 56950000000
        },
        "cashflow_statement": {
            "operating_cash_flow": 118254000000,
            "capex": 9447000000,
            "free_cash_flow": 108807000000
        },
        "derived_metrics": {
            "gross_margin": 0.4620634981523393,
            "operating_margin": 0.31510222870075566,
            "net_margin": 0.23971255769943867,
            "fcf_margin": 0.27825386474356517,
            "earnings_per_share": 6.083555429791938,
            "fcf_per_share": 7.061677644121483,
            "return_on_assets": 0.25682503150857583,
            "return_on_equity": 1.6459350307287095,
            "asset_turnover": 1.0713874732862074,
            "cash_conversion": 1.2615643936161134,
            "capex_ratio": 0.02415896275269477
        }
    },
    "2023": {
        "income_statement": {
            "revenue": 383285000000,
            "cost_of_revenue": 214137000000,
            "gross_profit": 169148000000,
            "operating_income": 114301000000,
            "net_income": 96995000000,
            "weighted_avg_shares_diluted": 15812547000
        },
        "balance_sheet": {
            "cash": 29965000000,
            "accounts_receivable": 29508000000,
            "inventory": 6331000000,
            "total_assets": 352583000000,
            "total_liabilities": 290437000000,
            "shareholders_equity": 62146000000
        },
        "cashflow_statement": {
            "operating_cash_flow": 110543000000,
            "capex": 10959000000,
            "free_cash_flow": 99584000000
        },
        "derived_metrics": {
            "gross_margin": 0.4413112957720756,
            "operating_margin": 0.2982141226502472,
            "net_margin": 0.2530623426432028,
            "fcf_margin": 0.25981710737440805,
            "earnings_per_share": 6.134052913803197,
            "fcf_per_share": 6.2977836524375235,
            "return_on_assets": 0.27509834563776475,
            "return_on_equity": 1.5607601454639075,
            "asset_turnover": 1.087077369016657,
            "cash_conversion": 1.1396773029537606,
            "capex_ratio": 0.02859230076835775
        }
    },
    "2022": {
        "income_statement": {
            "revenue": 394328000000,
            "cost_of_revenue": 223546000000,
            "gross_profit": 170782000000,
            "operating_income": 119437000000,
            "net_income": 99803000000,
            "weighted_avg_shares_diluted": 16325819000
        },
        "balance_sheet": {
            "cash": 23646000000,
            "accounts_receivable": 28184000000,
            "inventory": 4946000000,
            "total_assets": 352755000000,
            "total_liabilities": 302083000000,
            "shareholders_equity": 50672000000
        },
        "cashflow_statement": {
            "operating_cash_flow": 122151000000,
            "capex": 10708000000,
            "free_cash_flow": 111443000000
        },
        "derived_metrics": {
            "gross_margin": 0.43309630561360085,
            "operating_margin": 0.30288744395528594,
            "net_margin": 0.2530964070519973,
            "fcf_margin": 0.2826149804223895,
            "earnings_per_share": 6.1132002014722815,
            "fcf_per_share": 6.8261812776437125,
            "return_on_assets": 0.2829244092925685,
            "return_on_equity": 1.9695887275023682,
            "asset_turnover": 1.1178523337727317,
            "cash_conversion": 1.2239211246154926,
            "capex_ratio": 0.02715505873283155
        }
    },
    "2021": {
        "income_statement": {
            "revenue": 365817000000,
            "cost_of_revenue": 212981000000,
            "gross_profit": 152836000000,
            "operating_income": 108949000000,
            "net_income": 94680000000,
            "weighted_avg_shares_diluted": 16864919000
        },
        "balance_sheet": {
            "cash": 34940000000,
            "accounts_receivable": 26278000000,
            "inventory": 6580000000,
            "total_assets": 351002000000,
            "total_liabilities": 287912000000,
            "shareholders_equity": 63090000000
        },
        "cashflow_statement": {
            "operating_cash_flow": 104038000000,
            "capex": 11085000000,
            "free_cash_flow": 92953000000
        },
        "derived_metrics": {
            "gross_margin": 0.4177935962516778,
            "operating_margin": 0.29782377527561593,
            "net_margin": 0.2588179335569424,
            "fcf_margin": 0.2540969938521173,
            "earnings_per_share": 5.61402044089272,
            "fcf_per_share": 5.511618526006559,
            "return_on_assets": 0.26974205275183616,
            "return_on_equity": 1.5007132667617689,
            "asset_turnover": 1.042207736708053,
            "cash_conversion": 1.0988381918039714,
            "capex_ratio": 0.030302036264033657
        }
    },
    "2020": {
        "income_statement": {
            "revenue": 274515000000,
            "cost_of_revenue": 169559000000,
            "gross_profit": 104956000000,
            "operating_income": 66288000000,
            "net_income": 57411000000,
            "weighted_avg_shares_diluted": 17528214000
        },
        "balance_sheet": {
            "cash": 38016000000,
            "accounts_receivable": 16120000000,
            "inventory": 4061000000,
            "total_assets": 323888000000,
            "total_liabilities": 258549000000,
            "shareholders_equity": 65339000000
        },
        "cashflow_statement": {
            "operating_cash_flow": 80674000000,
            "capex": 7309000000,
            "free_cash_flow": 73365000000
        },
        "derived_metrics": {
            "gross_margin": 0.38233247727810865,
            "operating_margin": 0.24147314354406862,
            "net_margin": 0.20913611278072236,
            "fcf_margin": 0.2672531555652697,
            "earnings_per_share": 3.2753479618630856,
            "fcf_per_share": 4.185537670865954,