{
    "2025": {
        "income_statement": {
            "revenue": 14450265000,
            "cost_of_revenue": null,
            "gross_profit": null,
            "operating_income": 7171646000,
            "net_income": 3019214000,
            "weighted_avg_shares_diluted": 780215856
        },
        "balance_sheet": {
            "cash": 2631241000,
            "accounts_receivable": 291758000,
            "inventory": null,
            "total_assets": 47708975000,
            "total_liabilities": 25827803000,
            "shareholders_equity": 8665526000
        },
        "cashflow_statement": {
            "operating_cash_flow": 4663161000,
            "capex": 115703000,
            "free_cash_flow": 4547458000
        },
        "derived_metrics": {
            "gross_margin": null,
            "operating_margin": 0.4962985799914396,
            "net_margin": 0.2089383135880207,
            "fcf_margin": 0.3146972045149345,
            "earnings_per_share": 3.8697162801572182,
            "fcf_per_share": 5.8284613995335155,
            "return_on_assets": 0.06328398377873345,
            "return_on_equity": 0.34841670315223794,
            "asset_turnover": 0.3028835769370438,
            "cash_conversion": 1.544495024201663,
            "capex_ratio": 0.008006981186850207
        }
    },
    "2024": {
        "income_statement": {
            "revenue": 13229968000,
            "cost_of_revenue": null,
            "gross_profit": null,
            "operating_income": 6459480000,
            "net_income": 2776508000,
            "weighted_avg_shares_diluted": 766646508
        },
        "balance_sheet": {
            "cash": 1972140000,
            "accounts_receivable": 237930000,
            "inventory": null,
            "total_assets": 43469875000,
            "total_liabilities": 23974860000,
            "shareholders_equity": 8212321000
        },
        "cashflow_statement": {
            "operating_cash_flow": 3481662000,
            "capex": 61409000,
            "free_cash_flow": 3420253000
        },
        "derived_metrics": {
            "gross_margin": null,
            "operating_margin": 0.4882460789020805,
            "net_margin": 0.20986505787466758,
            "fcf_margin": 0.2585231498670292,
            "earnings_per_share": 3.6216274006689924,
            "fcf_per_share": 4.461316870695248,
            "return_on_assets": 0.06387200331263893,
            "return_on_equity": 0.33809053494133995,
            "asset_turnover": 0.3043479651137713,
            "cash_conversion": 1.2539715354682932,
            "capex_ratio": 0.004641658997209971
        }
    },
    "2023": {
        "income_statement": {
            "revenue": 8022841000,
            "cost_of_revenue": null,
            "gross_profit": null,
            "operating_income": 2957714000,
            "net_income": 1390880000,
            "weighted_avg_shares_diluted": 755419936
        },
        "balance_sheet": {
            "cash": 2955866000,
            "accounts_receivable": 193365000,
            "inventory": null,
            "total_assets": 40287530000,
            "total_liabilities": 22212316000,
            "shareholders_equity": 6816798000
        },
        "cashflow_statement": {
            "operating_cash_flow": 4056906000,
            "capex": 224231000,
            "free_cash_flow": 3832675000
        },
        "derived_metrics": {
            "gross_margin": null,
            "operating_margin": 0.3686616748356349,
            "net_margin": 0.17336502119386388,
            "fcf_margin": 0.4777204234759233,
            "earnings_per_share": 1.8412010773303182,
            "fcf_per_share": 5.073568775923859,
            "return_on_assets": 0.03452383404989087,
            "return_on_equity": 0.20403714471222412,
            "asset_turnover": 0.19913956005741726,
            "cash_conversion": 2.9167908086966525,
            "capex_ratio": 0.02794907689183919
        }
    },
    "2022": {
        "income_statement": {
            "revenue": 8517673000,
            "cost_of_revenue": null,
            "gross_profit": null,
            "operating_income": 3461789000,
            "net_income": 1747631000,
            "weighted_avg_shares_diluted": 740942399
        },
        "balance_sheet": {
            "cash": 4252003000,
            "accounts_receivable": 462904000,
            "inventory": null,
            "total_assets": 42524227000,
            "total_liabilities": 22843160000,
            "shareholders_equity": 7655911000
        },
        "cashflow_statement": {
            "operating_cash_flow": 6336253000,
            "capex": 235497000,
            "free_cash_flow": 6100756000
        },
        "derived_metrics": {
            "gross_margin": null,
            "operating_margin": 0.4064242663459844,
            "net_margin": 0.2051770477687979,
            "fcf_margin": 0.7162467965135548,
            "earnings_per_share": 2.358659731658844,
            "fcf_per_share": 8.233779047107816,
            "return_on_assets": 0.041097302015625115,
            "return_on_equity": 0.2282721154935056,
            "asset_turnover": 0.20030165392542,
            "cash_conversion": 3.625624059083411,
            "capex_ratio": 0.027648044248705015
        }
    },
    "2021": {
        "income_statement": {
            "revenue": 22577148000,
            "cost_of_revenue": null,
            "gross_profit": null,
            "operating_income": 13559396000,
            "net_income": 5857397000,
            "weighted_avg_shares_diluted": 720125043
        },
        "balance_sheet": {
            "cash": 2119738000,
            "accounts_receivable": 636616000,
            "inventory": null,
            "total_assets": 41196408000,
            "total_liabilities": 19490362000,
            "shareholders_equity": 9422893000
        },
        "cashflow_statement": {
            "operating_cash_flow": 3985988000,
            "capex": 64316000,
            "free_cash_flow": 3921672000
        },
        "derived_metrics": {
            "gross_margin": null,
            "operating_margin": 0.6005805516268042,
            "net_margin": 0.2594391904593087,
            "fcf_margin": 0.17370094752446147,
            "earnings_per_share": 8.133860996693597,
            "fcf_per_share": 5.445820886415139,
            "return_on_assets": 0.1421822261785542,
            "return_on_equity": 0.6216134471653239,
            "asset_turnover": 0.5480368094228021,
            "cash_conversion": 0.6805050093070352,
            "capex_ratio": 0.0028487211936600674
        }
    },
    "2020": {
        "income_statement": {
            "revenue": 6101927000,
            "cost_of_revenue": null,
            "gross_profit": null,
            "operating_income": 2617520000,
            "net_income": 1045363000,
            "weighted_avg_shares_diluted": 697258296
        },
        "balance_sheet": {
            "cash": 1999484000,
            "accounts_receivable": 866158000,
            "inventory": null,
            "total_assets": 26269252000,
            "total_liabilities": 11678743000,
            "shareholders_equity": 6652043000
        },
        "cashflow_statement": {
            "operating_cash_flow": 1935945000,
            "capex": 111650000,
            "free_cash_flow": 1824295000
        },
        "derived_metrics": {
            "gross_margin": null,
            "operating_margin": 0.4289661282411278,
            "net_margin": 0.17131686432826876,
            "fcf_margin": 0.2989703088876678,
            "earnings_per_share": 1.499247848318179,
            "fcf_per_share": 2.6163833553010893,
            "return_on_assets": 0.03979416695991191,
            "return_on_equity": 0.15714916454989844,
            "asset_turnover": 0.23228400260502277,
            "cash_conversion": 1.8519356434080794,
            "capex_ratio": 0.01829749847875925
        }
    },
    "2019": {
        "income_statement": {
            "revenue": 7338270000,