{
    "2025": {
        "income_statement": {
            "revenue": 94193000000,
            "cost_of_revenue": 30256000000,
            "gross_profit": 63937000000,
            "operating_income": 32581000000,
            "net_income": 26804000000,
            "weighted_avg_shares_diluted": 2429400000
        },
        "balance_sheet": {
            "cash": 19709000000,
            "accounts_receivable": 17178000000,
            "inventory": 14191000000,
            "total_assets": 199210000000,
            "total_liabilities": 117666000000,
            "shareholders_equity": 81544000000
        },
        "cashflow_statement": {
            "operating_cash_flow": 24530000000,
            "capex": 4832000000,
            "free_cash_flow": 19698000000
        },
        "derived_metrics": {
            "gross_margin": 0.6787871710212011,
            "operating_margin": 0.345896191861391,
            "net_margin": 0.2845646704107524,
            "fcf_margin": 0.2091238202414192,
            "earnings_per_share": 11.033176916110975,
            "fcf_per_share": 8.108174857989628,
            "return_on_assets": 0.13455147833944078,
            "return_on_equity": 0.3287059746885117,
            "asset_turnover": 0.472832689122032,
            "cash_conversion": 0.9151619161319207,
            "capex_ratio": 0.0512989287951334
        }
    },
    "2024": {
        "income_statement": {
            "revenue": 88821000000,
            "cost_of_revenue": 27471000000,
            "gross_profit": 61350000000,
            "operating_income": 16687000000,
            "net_income": 14066000000,
            "weighted_avg_shares_diluted": 2429400000
        },
        "balance_sheet": {
            "cash": 24105000000,
            "accounts_receivable": 14842000000,
            "inventory": 12444000000,
            "total_assets": 180104000000,
            "total_liabilities": 108614000000,
            "shareholders_equity": 71490000000
        },
        "cashflow_statement": {
            "operating_cash_flow": 24266000000,
            "capex": 4424000000,
            "free_cash_flow": 19842000000
        },
        "derived_metrics": {
            "gross_margin": 0.6907150336069173,
            "operating_margin": 0.18787223742133055,
            "net_margin": 0.1583634500850024,
            "fcf_margin": 0.2233931164927213,
            "earnings_per_share": 5.789906972915123,
            "fcf_per_share": 8.167448752778464,
            "return_on_assets": 0.07809932039266201,
            "return_on_equity": 0.19675479087984332,
            "asset_turnover": 0.49316506018744727,
            "cash_conversion": 1.7251528508460117,
            "capex_ratio": 0.04980804089123068
        }
    },
    "2023": {
        "income_statement": {
            "revenue": 85159000000,
            "cost_of_revenue": 26553000000,
            "gross_profit": 58606000000,
            "operating_income": 15062000000,
            "net_income": 35153000000,
            "weighted_avg_shares_diluted": 2560400000
        },
        "balance_sheet": {
            "cash": 21859000000,
            "accounts_receivable": 14873000000,
            "inventory": 11181000000,
            "total_assets": 167558000000,
            "total_liabilities": 98784000000,
            "shareholders_equity": 68774000000
        },
        "cashflow_statement": {
            "operating_cash_flow": 22791000000,
            "capex": 4543000000,
            "free_cash_flow": 18248000000
        },
        "derived_metrics": {
            "gross_margin": 0.6881950234267664,
            "operating_margin": 0.1768691506476121,
            "net_margin": 0.41279254101151963,
            "fcf_margin": 0.2142815204499818,
            "earnings_per_share": 13.729495391345102,
            "fcf_per_share": 7.1270114044680515,
            "return_on_assets": 0.20979601093352748,
            "return_on_equity": 0.511137930031698,
            "asset_turnover": 0.5082359541173802,
            "cash_conversion": 0.6483372685119335,
            "capex_ratio": 0.05334726805152714
        }
    },
    "2022": {
        "income_statement": {
            "revenue": 94943000000,
            "cost_of_revenue": 31089000000,
            "gross_profit": 63854000000,
            "operating_income": 21725000000,
            "net_income": 17941000000,
            "weighted_avg_shares_diluted": 2663900000
        },
        "balance_sheet": {
            "cash": 14127000000,
            "accounts_receivable": 16160000000,
            "inventory": 12483000000,
            "total_assets": 187378000000,
            "total_liabilities": 110574000000,
            "shareholders_equity": 76804000000
        },
        "cashflow_statement": {
            "operating_cash_flow": 21194000000,
            "capex": 4009000000,
            "free_cash_flow": 17185000000
        },
        "derived_metrics": {
            "gross_margin": 0.6725508989604289,
            "operating_margin": 0.22882150342837282,
            "net_margin": 0.18896601118565876,
            "fcf_margin": 0.1810033388454125,
            "earnings_per_share": 6.734862419760502,
            "fcf_per_share": 6.451067983032396,
            "return_on_assets": 0.09574763312662106,
            "return_on_equity": 0.233594604447685,
            "asset_turnover": 0.5066923544919895,
            "cash_conversion": 1.1813165375397134,
            "capex_ratio": 0.04222533520112067
        }
    },
    "2021": {
        "income_statement": {
            "revenue": 93775000000,
            "cost_of_revenue": 29855000000,
            "gross_profit": 63920000000,
            "operating_income": 22776000000,
            "net_income": 20878000000,
            "weighted_avg_shares_diluted": 2674000000
        },
        "balance_sheet": {
            "cash": 14487000000,
            "accounts_receivable": 15283000000,
            "inventory": 10387000000,
            "total_assets": 182018000000,
            "total_liabilities": 107995000000,
            "shareholders_equity": 74023000000
        },
        "cashflow_statement": {
            "operating_cash_flow": 23410000000,
            "capex": 3652000000,
            "free_cash_flow": 19758000000
        },
        "derived_metrics": {
            "gross_margin": 0.6816315649160224,
            "operating_margin": 0.2428792322047454,
            "net_margin": 0.22263929618768327,
            "fcf_margin": 0.21069581444948013,
            "earnings_per_share": 7.807778608825729,
            "fcf_per_share": 7.388930441286462,
            "return_on_assets": 0.1147029414673274,
            "return_on_equity": 0.28204747173175904,
            "asset_turnover": 0.5151962992671054,
            "cash_conversion": 1.121275984289683,
            "capex_ratio": 0.03894428152492669
        }
    },
    "2020": {
        "income_statement": {
            "revenue": 82584000000,
            "cost_of_revenue": 28427000000,
            "gross_profit": 54157000000,
            "operating_income": 16497000000,
            "net_income": 14714000000,
            "weighted_avg_shares_diluted": 2670700000
        },
        "balance_sheet": {
            "cash": 13985000000,
            "accounts_receivable": 13576000000,
            "inventory": 9344000000,
            "total_assets": 174894000000,
            "total_liabilities": 111616000000,
            "shareholders_equity": 63278000000
        },
        "cashflow_statement": {
            "operating_cash_flow": 23536000000,
            "capex": 3347000000,
            "free_cash_flow": 20189000000
        },
        "derived_metrics": {
            "gross_margin": 0.6557807807807807,
            "operating_margin": 0.19976024411508284,
            "net_margin": 0.17817010558946042,
            "fcf_margin": 0.24446624043398238,
            "earnings_per_share": 5.509417006777249,
            "fcf_per_share": 7.559441344965739,
            "return_on_assets": 0.08413095932393336,