{
    "2025": {
        "income_statement": {
            "revenue": 47941000000,
            "cost_of_revenue": 18397000000,
            "gross_profit": 29544000000,
            "operating_income": 13762000000,
            "net_income": 13107000000,
            "weighted_avg_shares_diluted": 4313000000
        },
        "balance_sheet": {
            "cash": 10270000000,
            "accounts_receivable": 3038000000,
            "inventory": 4425000000,
            "total_assets": 104816000000,
            "total_liabilities": 72647000000,
            "shareholders_equity": 32169000000
        },
        "cashflow_statement": {
            "operating_cash_flow": 7408000000,
            "capex": 2112000000,
            "free_cash_flow": 5296000000
        },
        "derived_metrics": {
            "gross_margin": 0.6162574831563797,
            "operating_margin": 0.28706117936630443,
            "net_margin": 0.2733985523873094,
            "fcf_margin": 0.11046911829123297,
            "earnings_per_share": 3.038952005564572,
            "fcf_per_share": 1.2279156039879435,
            "return_on_assets": 0.1250477026408182,
            "return_on_equity": 0.4074419472162641,
            "asset_turnover": 0.45738246069302396,
            "cash_conversion": 0.5651941710536355,
            "capex_ratio": 0.04405414989257629
        }
    },
    "2024": {
        "income_statement": {
            "revenue": 47061000000,
            "cost_of_revenue": 18324000000,
            "gross_profit": 28737000000,
            "operating_income": 9992000000,
            "net_income": 10631000000,
            "weighted_avg_shares_diluted": 4320000000
        },
        "balance_sheet": {
            "cash": 10828000000,
            "accounts_receivable": 3569000000,
            "inventory": 4728000000,
            "total_assets": 100549000000,
            "total_liabilities": 75693000000,
            "shareholders_equity": 24856000000
        },
        "cashflow_statement": {
            "operating_cash_flow": 6805000000,
            "capex": 2064000000,
            "free_cash_flow": 4741000000
        },
        "derived_metrics": {
            "gross_margin": 0.6106330082233696,
            "operating_margin": 0.21232018019166612,
            "net_margin": 0.22589830220352308,
            "fcf_margin": 0.10074159070143006,
            "earnings_per_share": 2.4608796296296296,
            "fcf_per_share": 1.0974537037037038,
            "return_on_assets": 0.1057295447990532,
            "return_on_equity": 0.4277035725780496,
            "asset_turnover": 0.46804045788620474,
            "cash_conversion": 0.640109114852789,
            "capex_ratio": 0.04385797156881494
        }
    },
    "2023": {
        "income_statement": {
            "revenue": 45754000000,
            "cost_of_revenue": 18520000000,
            "gross_profit": 27234000000,
            "operating_income": 11311000000,
            "net_income": 10714000000,
            "weighted_avg_shares_diluted": 4339000000
        },
        "balance_sheet": {
            "cash": 9366000000,
            "accounts_receivable": 3410000000,
            "inventory": 4424000000,
            "total_assets": 97703000000,
            "total_liabilities": 71762000000,
            "shareholders_equity": 25941000000
        },
        "cashflow_statement": {
            "operating_cash_flow": 11599000000,
            "capex": 1852000000,
            "free_cash_flow": 9747000000
        },
        "derived_metrics": {
            "gross_margin": 0.5952266468505486,
            "operating_margin": 0.24721335839489444,
            "net_margin": 0.23416531887922368,
            "fcf_margin": 0.2130305547055995,
            "earnings_per_share": 2.4692325420603827,
            "fcf_per_share": 2.246370131366674,
            "return_on_assets": 0.10965886410857395,
            "return_on_equity": 0.41301414748853166,
            "asset_turnover": 0.4682967769669304,
            "cash_conversion": 1.082602202725406,
            "capex_ratio": 0.04047733531494514
        }
    },
    "2022": {
        "income_statement": {
            "revenue": 43004000000,
            "cost_of_revenue": 18000000000,
            "gross_profit": 25004000000,
            "operating_income": 10909000000,
            "net_income": 9542000000,
            "weighted_avg_shares_diluted": 4350000000
        },
        "balance_sheet": {
            "cash": 9519000000,
            "accounts_receivable": 3487000000,
            "inventory": 4233000000,
            "total_assets": 92763000000,
            "total_liabilities": 68658000000,
            "shareholders_equity": 24105000000
        },
        "cashflow_statement": {
            "operating_cash_flow": 11018000000,
            "capex": 1484000000,
            "free_cash_flow": 9534000000
        },
        "derived_metrics": {
            "gross_margin": 0.5814342851827737,
            "operating_margin": 0.2536740768300623,
            "net_margin": 0.2218863361547763,
            "fcf_margin": 0.22170030694819087,
            "earnings_per_share": 2.1935632183908047,
            "fcf_per_share": 2.1917241379310344,
            "return_on_assets": 0.10286428856332805,
            "return_on_equity": 0.3958514830947936,
            "asset_turnover": 0.46359000894753294,
            "cash_conversion": 1.154684552504716,
            "capex_ratio": 0.03450841782159799
        }
    },
    "2021": {
        "income_statement": {
            "revenue": 38655000000,
            "cost_of_revenue": 15357000000,
            "gross_profit": 23298000000,
            "operating_income": 10308000000,
            "net_income": 9771000000,
            "weighted_avg_shares_diluted": 4340000000
        },
        "balance_sheet": {
            "cash": 9684000000,
            "accounts_receivable": 3512000000,
            "inventory": 3414000000,
            "total_assets": 94354000000,
            "total_liabilities": 71355000000,
            "shareholders_equity": 22999000000
        },
        "cashflow_statement": {
            "operating_cash_flow": 12625000000,
            "capex": 1367000000,
            "free_cash_flow": 11258000000
        },
        "derived_metrics": {
            "gross_margin": 0.6027163368257664,
            "operating_margin": 0.26666666666666666,
            "net_margin": 0.2527745440434614,
            "fcf_margin": 0.29124304747121976,
            "earnings_per_share": 2.251382488479263,
            "fcf_per_share": 2.594009216589862,
            "return_on_assets": 0.1035568179409458,
            "return_on_equity": 0.42484455845906344,
            "asset_turnover": 0.40968056468194247,
            "cash_conversion": 1.2920888343055983,
            "capex_ratio": 0.035364118484025354
        }
    },
    "2020": {
        "income_statement": {
            "revenue": 33014000000,
            "cost_of_revenue": 13433000000,
            "gross_profit": 19581000000,
            "operating_income": 8997000000,
            "net_income": 7747000000,
            "weighted_avg_shares_diluted": 4323000000
        },
        "balance_sheet": {
            "cash": 6795000000,
            "accounts_receivable": 3144000000,
            "inventory": 3266000000,
            "total_assets": 87296000000,
            "total_liabilities": 67997000000,
            "shareholders_equity": 19299000000
        },
        "cashflow_statement": {
            "operating_cash_flow": 9844000000,
            "capex": 1177000000,
            "free_cash_flow": 8667000000
        },
        "derived_metrics": {
            "gross_margin": 0.5931120130853578,
            "operating_margin": 0.2725207487732477,
            "net_margin": 0.23465802386866177,
            "fcf_margin": 0.26252498939843705,
            "earnings_per_share": 1.7920425630349295,
            "fcf_per_share": 2.004857737682165,
            "return_on_assets": 0.08874404325513197,