{
    "2025": {
        "income_statement": {
            "revenue": 37184400000,
            "cost_of_revenue": null,
            "gross_profit": null,
            "operating_income": 2936600000,
            "net_income": 1856400000,
            "weighted_avg_shares_diluted": 1139800000
        },
        "balance_sheet": {
            "cash": 3219800000,
            "accounts_receivable": 1277500000,
            "inventory": 2185600000,
            "total_assets": 32019700000,
            "total_liabilities": 40108900000,
            "shareholders_equity": -8096600000
        },
        "cashflow_statement": {
            "operating_cash_flow": 4747500000,
            "capex": 2305500000,
            "free_cash_flow": 2442000000
        },
        "derived_metrics": {
            "gross_margin": null,
            "operating_margin": 0.0789739783350007,
            "net_margin": 0.049924161745248004,
            "fcf_margin": 0.06567270145544905,
            "earnings_per_share": 1.628706790665029,
            "fcf_per_share": 2.142481137041586,
            "return_on_assets": 0.05797680802755804,
            "return_on_equity": -0.22928142677173136,
            "asset_turnover": 1.1612975761796644,
            "cash_conversion": 2.5573691014867483,
            "capex_ratio": 0.06200180720947494
        }
    },
    "2024": {
        "income_statement": {
            "revenue": 36176200000,
            "cost_of_revenue": null,
            "gross_profit": null,
            "operating_income": 5408800000,
            "net_income": 3760900000,
            "weighted_avg_shares_diluted": 1137300000
        },
        "balance_sheet": {
            "cash": 3286200000,
            "accounts_receivable": 1213800000,
            "inventory": 1777300000,
            "total_assets": 31339300000,
            "total_liabilities": 38780900000,
            "shareholders_equity": -7448900000
        },
        "cashflow_statement": {
            "operating_cash_flow": 6095600000,
            "capex": 2777500000,
            "free_cash_flow": 3318100000
        },
        "derived_metrics": {
            "gross_margin": null,
            "operating_margin": 0.14951266302154456,
            "net_margin": 0.10396061498996578,
            "fcf_margin": 0.09172052343806149,
            "earnings_per_share": 3.3068671414754243,
            "fcf_per_share": 2.9175239602567484,
            "return_on_assets": 0.12000587122239488,
            "return_on_equity": -0.5048933399562352,
            "asset_turnover": 1.154339758705523,
            "cash_conversion": 1.6207822595655295,
            "capex_ratio": 0.07677699703119731
        }
    },
    "2023": {
        "income_statement": {
            "revenue": 35975600000,
            "cost_of_revenue": null,
            "gross_profit": null,
            "operating_income": 5870800000,
            "net_income": 4124500000,
            "weighted_avg_shares_diluted": 1151300000
        },
        "balance_sheet": {
            "cash": 3551500000,
            "accounts_receivable": 1184100000,
            "inventory": 1806400000,
            "total_assets": 29445500000,
            "total_liabilities": 37433300000,
            "shareholders_equity": -7994800000
        },
        "cashflow_statement": {
            "operating_cash_flow": 6008700000,
            "capex": 2333600000,
            "free_cash_flow": 3675100000
        },
        "derived_metrics": {
            "gross_margin": null,
            "operating_margin": 0.16318838323752766,
            "net_margin": 0.11464714973482026,
            "fcf_margin": 0.102155349737044,
            "earnings_per_share": 3.5824719881872666,
            "fcf_per_share": 3.192130634934422,
            "return_on_assets": 0.14007233702942726,
            "return_on_equity": -0.5158978335918347,
            "asset_turnover": 1.221769030921533,
            "cash_conversion": 1.4568311310461874,
            "capex_ratio": 0.06486618708235582
        }
    },
    "2022": {
        "income_statement": {
            "revenue": 32250300000,
            "cost_of_revenue": null,
            "gross_profit": null,
            "operating_income": 4617800000,
            "net_income": 3281600000,
            "weighted_avg_shares_diluted": 1158500000
        },
        "balance_sheet": {
            "cash": 2818400000,
            "accounts_receivable": 1175500000,
            "inventory": 2176600000,
            "total_assets": 27978400000,
            "total_liabilities": 36677100000,
            "shareholders_equity": -8706600000
        },
        "cashflow_statement": {
            "operating_cash_flow": 4397300000,
            "capex": 1841300000,
            "free_cash_flow": 2556000000
        },
        "derived_metrics": {
            "gross_margin": null,
            "operating_margin": 0.1431862649339696,
            "net_margin": 0.10175409220999494,
            "fcf_margin": 0.07925507669696095,
            "earnings_per_share": 2.832628398791541,
            "fcf_per_share": 2.206301251618472,
            "return_on_assets": 0.11729048122837618,
            "return_on_equity": -0.37690947097604116,
            "asset_turnover": 1.1526856432104766,
            "cash_conversion": 1.3399865919063871,
            "capex_ratio": 0.05709404253603843
        }
    },
    "2021": {
        "income_statement": {
            "revenue": 29060600000,
            "cost_of_revenue": null,
            "gross_profit": null,
            "operating_income": 4872100000,
            "net_income": 4199300000,
            "weighted_avg_shares_diluted": 1185500000
        },
        "balance_sheet": {
            "cash": 6455700000,
            "accounts_receivable": 940000000,
            "inventory": 1603900000,
            "total_assets": 31392600000,
            "total_liabilities": 36707100000,
            "shareholders_equity": -5321200000
        },
        "cashflow_statement": {
            "operating_cash_flow": 5989100000,
            "capex": 1470000000,
            "free_cash_flow": 4519100000
        },
        "derived_metrics": {
            "gross_margin": null,
            "operating_margin": 0.1676531110851118,
            "net_margin": 0.14450148998988321,
            "fcf_margin": 0.15550608039751415,
            "earnings_per_share": 3.5422184732180515,
            "fcf_per_share": 3.811978068325601,
            "return_on_assets": 0.1337671935424272,
            "return_on_equity": -0.7891640983236864,
            "asset_turnover": 0.9257149774150596,
            "cash_conversion": 1.4262138927916557,
            "capex_ratio": 0.05058395215515165
        }
    },
    "2020": {
        "income_statement": {
            "revenue": 23518000000,
            "cost_of_revenue": null,
            "gross_profit": null,
            "operating_income": 1561700000,
            "net_income": 928300000,
            "weighted_avg_shares_diluted": 1181800000
        },
        "balance_sheet": {
            "cash": 4350900000,
            "accounts_receivable": 883400000,
            "inventory": 1551400000,
            "total_assets": 29374500000,
            "total_liabilities": 37173900000,
            "shareholders_equity": -7805100000
        },
        "cashflow_statement": {
            "operating_cash_flow": 1597800000,
            "capex": 1483600000,
            "free_cash_flow": 114200000
        },
        "derived_metrics": {
            "gross_margin": null,
            "operating_margin": 0.0664044561612382,
            "net_margin": 0.03947189386852624,
            "fcf_margin": 0.004855855089718513,
            "earnings_per_share": 0.78549669994923,
            "fcf_per_share": 0.0966322558808597,
            "return_on_assets": 0.03160224003812831,
            "return_on_equity": -0.11893505528436535,
            "asset_turnover": 0.8006263936407428,
            "cash_conversion": 1.7212108154691372,
            "capex_ratio": 0.06308359554383876
        }
    },